cycle,branch,model,modeldate,candidate_inc,candidate_chal,candidate_3rd,evprob_inc,evprob_chal,evprob_3rd,total_ev,timestamp,simulations
2020,President,polls-plus,9/14/2020,Trump,Biden,"",.00145,.000025,,99,13:49:02 14 Sep 2020,40000
2020,President,polls-plus,9/14/2020,Trump,Biden,"",.001375,.000025,,98,13:49:02 14 Sep 2020,40000
2020,President,polls-plus,9/14/2020,Trump,Biden,"",.003075,.00005,,97,13:49:02 14 Sep 2020,40000
2020,President,polls-plus,9/14/2020,Trump,Biden,"",.001925,0,,96,13:49:02 14 Sep 2020,40000
2020,President,polls-plus,9/14/2020,Trump,Biden,"",.000925,.000025,,95,13:49:02 14 Sep 2020,40000
2020,President,polls-plus,9/14/2020,Trump,Biden,"",.002275,.00005,,94,13:49:02 14 Sep 2020,40000
2020,President,polls-plus,9/14/2020,Trump,Biden,"",.001975,.00005,,93,13:49:02 14 Sep 2020,40000
2020,President,polls-plus,9/14/2020,Trump,Biden,"",.002025,.000025,,92,13:49:02 14 Sep 2020,40000
2020,President,polls-plus,9/14/2020,Trump,Biden,"",.001925,.000025,,91,13:49:02 14 Sep 2020,40000
2020,President,polls-plus,9/14/2020,Trump,Biden,"",.001125,.000025,,90,13:49:02 14 Sep 2020,40000
2020,President,polls-plus,9/14/2020,Trump,Biden,"",.000325,0,,9,13:49:02 14 Sep 2020,40000
2020,President,polls-plus,9/14/2020,Trump,Biden,"",.001475,0,,89,13:49:02 14 Sep 2020,40000
2020,President,polls-plus,9/14/2020,Trump,Biden,"",.001625,0,,88,13:49:02 14 Sep 2020,40000
2020,President,polls-plus,9/14/2020,Trump,Biden,"",.001275,0,,87,13:49:02 14 Sep 2020,40000
2020,President,polls-plus,9/14/2020,Trump,Biden,"",.0018,0,,86,13:49:02 14 Sep 2020,40000
2020,President,polls-plus,9/14/2020,Trump,Biden,"",.0013,0,,85,13:49:02 14 Sep 2020,40000
2020,President,polls-plus,9/14/2020,Trump,Biden,"",.000575,0,,84,13:49:02 14 Sep 2020,40000
2020,President,polls-plus,9/14/2020,Trump,Biden,"",.001525,.000025,,83,13:49:02 14 Sep 2020,40000
2020,President,polls-plus,9/14/2020,Trump,Biden,"",.001775,.000025,,82,13:49:02 14 Sep 2020,40000
2020,President,polls-plus,9/14/2020,Trump,Biden,"",.001125,.000025,,81,13:49:02 14 Sep 2020,40000
2020,President,polls-plus,9/14/2020,Trump,Biden,"",.001025,0,,80,13:49:02 14 Sep 2020,40000
2020,President,polls-plus,9/14/2020,Trump,Biden,"",.000175,0,,8,13:49:02 14 Sep 2020,40000
2020,President,polls-plus,9/14/2020,Trump,Biden,"",.000775,.000025,,79,13:49:02 14 Sep 2020,40000
2020,President,polls-plus,9/14/2020,Trump,Biden,"",.00095,0,,78,13:49:02 14 Sep 2020,40000
2020,President,polls-plus,9/14/2020,Trump,Biden,"",.0014,.00005,,77,13:49:02 14 Sep 2020,40000
2020,President,polls-plus,9/14/2020,Trump,Biden,"",.001575,0,,76,13:49:02 14 Sep 2020,40000
2020,President,polls-plus,9/14/2020,Trump,Biden,"",.001075,0,,75,13:49:02 14 Sep 2020,40000
2020,President,polls-plus,9/14/2020,Trump,Biden,"",.000875,.00005,,74,13:49:02 14 Sep 2020,40000
2020,President,polls-plus,9/14/2020,Trump,Biden,"",.00065,.000025,,73,13:49:02 14 Sep 2020,40000
2020,President,polls-plus,9/14/2020,Trump,Biden,"",.00095,0,,72,13:49:02 14 Sep 2020,40000
2020,President,polls-plus,9/14/2020,Trump,Biden,"",.00115,0,,71,13:49:02 14 Sep 2020,40000
2020,President,polls-plus,9/14/2020,Trump,Biden,"",.0008,0,,70,13:49:02 14 Sep 2020,40000
2020,President,polls-plus,9/14/2020,Trump,Biden,"",.00005,0,,7,13:49:02 14 Sep 2020,40000
2020,President,polls-plus,9/14/2020,Trump,Biden,"",.00085,0,,69,13:49:02 14 Sep 2020,40000
2020,President,polls-plus,9/14/2020,Trump,Biden,"",.000875,.00005,,68,13:49:02 14 Sep 2020,40000
2020,President,polls-plus,9/14/2020,Trump,Biden,"",.000575,0,,67,13:49:02 14 Sep 2020,40000
2020,President,polls-plus,9/14/2020,Trump,Biden,"",.00115,.000025,,66,13:49:02 14 Sep 2020,40000
2020,President,polls-plus,9/14/2020,Trump,Biden,"",.000675,0,,65,13:49:02 14 Sep 2020,40000
2020,President,polls-plus,9/14/2020,Trump,Biden,"",.000825,0,,64,13:49:02 14 Sep 2020,40000
2020,President,polls-plus,9/14/2020,Trump,Biden,"",.0009,0,,63,13:49:02 14 Sep 2020,40000
2020,President,polls-plus,9/14/2020,Trump,Biden,"",.001025,0,,62,13:49:02 14 Sep 2020,40000
2020,President,polls-plus,9/14/2020,Trump,Biden,"",.0005,0,,61,13:49:02 14 Sep 2020,40000
2020,President,polls-plus,9/14/2020,Trump,Biden,"",.001125,0,,60,13:49:02 14 Sep 2020,40000
2020,President,polls-plus,9/14/2020,Trump,Biden,"",.00005,.000025,,6,13:49:02 14 Sep 2020,40000
2020,President,polls-plus,9/14/2020,Trump,Biden,"",.0007,.00005,,59,13:49:02 14 Sep 2020,40000
2020,President,polls-plus,9/14/2020,Trump,Biden,"",.000625,.00005,,58,13:49:02 14 Sep 2020,40000
2020,President,polls-plus,9/14/2020,Trump,Biden,"",.00065,.000025,,57,13:49:02 14 Sep 2020,40000
2020,President,polls-plus,9/14/2020,Trump,Biden,"",.000575,.000025,,56,13:49:02 14 Sep 2020,40000
2020,President,polls-plus,9/14/2020,Trump,Biden,"",.000925,0,,55,13:49:02 14 Sep 2020,40000
2020,President,polls-plus,9/14/2020,Trump,Biden,"",.000525,0,,54,13:49:02 14 Sep 2020,40000
2020,President,polls-plus,9/14/2020,Trump,Biden,"",0,.000025,,538,13:49:02 14 Sep 2020,40000
2020,President,polls-plus,9/14/2020,Trump,Biden,"",0,.000175,,537,13:49:02 14 Sep 2020,40000
2020,President,polls-plus,9/14/2020,Trump,Biden,"",0,0,,536,13:49:02 14 Sep 2020,40000
2020,President,polls-plus,9/14/2020,Trump,Biden,"",.00005,.000075,,535,13:49:02 14 Sep 2020,40000
2020,President,polls-plus,9/14/2020,Trump,Biden,"",0,.000525,,534,13:49:02 14 Sep 2020,40000
2020,President,polls-plus,9/14/2020,Trump,Biden,"",0,.000075,,533,13:49:02 14 Sep 2020,40000
2020,President,polls-plus,9/14/2020,Trump,Biden,"",.000025,.00005,,532,13:49:02 14 Sep 2020,40000
2020,President,polls-plus,9/14/2020,Trump,Biden,"",0,.00005,,531,13:49:02 14 Sep 2020,40000
2020,President,polls-plus,9/14/2020,Trump,Biden,"",0,.000175,,530,13:49:02 14 Sep 2020,40000
2020,President,polls-plus,9/14/2020,Trump,Biden,"",.00035,0,,53,13:49:02 14 Sep 2020,40000
2020,President,polls-plus,9/14/2020,Trump,Biden,"",0,.000325,,529,13:49:02 14 Sep 2020,40000
2020,President,polls-plus,9/14/2020,Trump,Biden,"",.000025,0,,528,13:49:02 14 Sep 2020,40000
2020,President,polls-plus,9/14/2020,Trump,Biden,"",0,.000125,,527,13:49:02 14 Sep 2020,40000
2020,President,polls-plus,9/14/2020,Trump,Biden,"",0,.000075,,526,13:49:02 14 Sep 2020,40000
2020,President,polls-plus,9/14/2020,Trump,Biden,"",.000025,.00025,,525,13:49:02 14 Sep 2020,40000
2020,President,polls-plus,9/14/2020,Trump,Biden,"",0,.000225,,524,13:49:02 14 Sep 2020,40000
2020,President,polls-plus,9/14/2020,Trump,Biden,"",0,.000125,,523,13:49:02 14 Sep 2020,40000
2020,President,polls-plus,9/14/2020,Trump,Biden,"",0,.000325,,522,13:49:02 14 Sep 2020,40000
2020,President,polls-plus,9/14/2020,Trump,Biden,"",.000025,.000125,,521,13:49:02 14 Sep 2020,40000
2020,President,polls-plus,9/14/2020,Trump,Biden,"",0,.000025,,520,13:49:02 14 Sep 2020,40000
2020,President,polls-plus,9/14/2020,Trump,Biden,"",.0009,0,,52,13:49:02 14 Sep 2020,40000
2020,President,polls-plus,9/14/2020,Trump,Biden,"",0,.000175,,519,13:49:02 14 Sep 2020,40000
2020,President,polls-plus,9/14/2020,Trump,Biden,"",0,.00015,,518,13:49:02 14 Sep 2020,40000
2020,President,polls-plus,9/14/2020,Trump,Biden,"",0,.000075,,517,13:49:02 14 Sep 2020,40000
2020,President,polls-plus,9/14/2020,Trump,Biden,"",0,.0001,,516,13:49:02 14 Sep 2020,40000
2020,President,polls-plus,9/14/2020,Trump,Biden,"",0,.000225,,515,13:49:02 14 Sep 2020,40000
2020,President,polls-plus,9/14/2020,Trump,Biden,"",.000025,.0001,,514,13:49:02 14 Sep 2020,40000
2020,President,polls-plus,9/14/2020,Trump,Biden,"",0,.00045,,513,13:49:02 14 Sep 2020,40000
2020,President,polls-plus,9/14/2020,Trump,Biden,"",0,.0002,,512,13:49:02 14 Sep 2020,40000
2020,President,polls-plus,9/14/2020,Trump,Biden,"",0,.000125,,511,13:49:02 14 Sep 2020,40000
2020,President,polls-plus,9/14/2020,Trump,Biden,"",0,.000275,,510,13:49:02 14 Sep 2020,40000
2020,President,polls-plus,9/14/2020,Trump,Biden,"",.0009,0,,51,13:49:02 14 Sep 2020,40000
2020,President,polls-plus,9/14/2020,Trump,Biden,"",0,.0005,,509,13:49:02 14 Sep 2020,40000
2020,President,polls-plus,9/14/2020,Trump,Biden,"",0,.000125,,508,13:49:02 14 Sep 2020,40000
2020,President,polls-plus,9/14/2020,Trump,Biden,"",0,.0003,,507,13:49:02 14 Sep 2020,40000
2020,President,polls-plus,9/14/2020,Trump,Biden,"",0,.000425,,506,13:49:02 14 Sep 2020,40000
2020,President,polls-plus,9/14/2020,Trump,Biden,"",0,.0002,,505,13:49:02 14 Sep 2020,40000
2020,President,polls-plus,9/14/2020,Trump,Biden,"",0,.0003,,504,13:49:02 14 Sep 2020,40000
2020,President,polls-plus,9/14/2020,Trump,Biden,"",0,.000525,,503,13:49:02 14 Sep 2020,40000
2020,President,polls-plus,9/14/2020,Trump,Biden,"",0,.000175,,502,13:49:02 14 Sep 2020,40000
2020,President,polls-plus,9/14/2020,Trump,Biden,"",0,.000375,,501,13:49:02 14 Sep 2020,40000
2020,President,polls-plus,9/14/2020,Trump,Biden,"",0,.00065,,500,13:49:02 14 Sep 2020,40000
2020,President,polls-plus,9/14/2020,Trump,Biden,"",.000225,0,,50,13:49:02 14 Sep 2020,40000
2020,President,polls-plus,9/14/2020,Trump,Biden,"",.000075,0,,5,13:49:02 14 Sep 2020,40000
2020,President,polls-plus,9/14/2020,Trump,Biden,"",0,.00035,,499,13:49:02 14 Sep 2020,40000
2020,President,polls-plus,9/14/2020,Trump,Biden,"",0,.000575,,498,13:49:02 14 Sep 2020,40000
2020,President,polls-plus,9/14/2020,Trump,Biden,"",0,.00015,,497,13:49:02 14 Sep 2020,40000
2020,President,polls-plus,9/14/2020,Trump,Biden,"",.000025,.0006,,496,13:49:02 14 Sep 2020,40000
2020,President,polls-plus,9/14/2020,Trump,Biden,"",0,.0007,,495,13:49:02 14 Sep 2020,40000
2020,President,polls-plus,9/14/2020,Trump,Biden,"",0,.0004,,494,13:49:02 14 Sep 2020,40000
2020,President,polls-plus,9/14/2020,Trump,Biden,"",.000025,.0006,,493,13:49:02 14 Sep 2020,40000
2020,President,polls-plus,9/14/2020,Trump,Biden,"",0,.0008,,492,13:49:02 14 Sep 2020,40000
2020,President,polls-plus,9/14/2020,Trump,Biden,"",0,.0004,,491,13:49:02 14 Sep 2020,40000
2020,President,polls-plus,9/14/2020,Trump,Biden,"",0,.00055,,490,13:49:02 14 Sep 2020,40000
2020,President,polls-plus,9/14/2020,Trump,Biden,"",.0009,0,,49,13:49:02 14 Sep 2020,40000
2020,President,polls-plus,9/14/2020,Trump,Biden,"",0,.0009,,489,13:49:02 14 Sep 2020,40000
2020,President,polls-plus,9/14/2020,Trump,Biden,"",0,.000225,,488,13:49:02 14 Sep 2020,40000
2020,President,polls-plus,9/14/2020,Trump,Biden,"",0,.0009,,487,13:49:02 14 Sep 2020,40000
2020,President,polls-plus,9/14/2020,Trump,Biden,"",0,.0009,,486,13:49:02 14 Sep 2020,40000
2020,President,polls-plus,9/14/2020,Trump,Biden,"",0,.00035,,485,13:49:02 14 Sep 2020,40000
2020,President,polls-plus,9/14/2020,Trump,Biden,"",0,.000525,,484,13:49:02 14 Sep 2020,40000
2020,President,polls-plus,9/14/2020,Trump,Biden,"",0,.000925,,483,13:49:02 14 Sep 2020,40000
2020,President,polls-plus,9/14/2020,Trump,Biden,"",.000025,.000575,,482,13:49:02 14 Sep 2020,40000
2020,President,polls-plus,9/14/2020,Trump,Biden,"",.000025,.00065,,481,13:49:02 14 Sep 2020,40000
2020,President,polls-plus,9/14/2020,Trump,Biden,"",.00005,.000625,,480,13:49:02 14 Sep 2020,40000
2020,President,polls-plus,9/14/2020,Trump,Biden,"",.00055,0,,48,13:49:02 14 Sep 2020,40000
2020,President,polls-plus,9/14/2020,Trump,Biden,"",.00005,.0007,,479,13:49:02 14 Sep 2020,40000
2020,President,polls-plus,9/14/2020,Trump,Biden,"",0,.001125,,478,13:49:02 14 Sep 2020,40000
2020,President,polls-plus,9/14/2020,Trump,Biden,"",0,.0005,,477,13:49:02 14 Sep 2020,40000
2020,President,polls-plus,9/14/2020,Trump,Biden,"",0,.001025,,476,13:49:02 14 Sep 2020,40000
2020,President,polls-plus,9/14/2020,Trump,Biden,"",0,.0009,,475,13:49:02 14 Sep 2020,40000
2020,President,polls-plus,9/14/2020,Trump,Biden,"",0,.000825,,474,13:49:02 14 Sep 2020,40000
2020,President,polls-plus,9/14/2020,Trump,Biden,"",0,.000675,,473,13:49:02 14 Sep 2020,40000
2020,President,polls-plus,9/14/2020,Trump,Biden,"",.000025,.00115,,472,13:49:02 14 Sep 2020,40000
2020,President,polls-plus,9/14/2020,Trump,Biden,"",0,.000575,,471,13:49:02 14 Sep 2020,40000
2020,President,polls-plus,9/14/2020,Trump,Biden,"",.00005,.000875,,470,13:49:02 14 Sep 2020,40000
2020,President,polls-plus,9/14/2020,Trump,Biden,"",.0004,0,,47,13:49:02 14 Sep 2020,40000
2020,President,polls-plus,9/14/2020,Trump,Biden,"",0,.00085,,469,13:49:02 14 Sep 2020,40000
2020,President,polls-plus,9/14/2020,Trump,Biden,"",0,.0008,,468,13:49:02 14 Sep 2020,40000
2020,President,polls-plus,9/14/2020,Trump,Biden,"",0,.00115,,467,13:49:02 14 Sep 2020,40000
2020,President,polls-plus,9/14/2020,Trump,Biden,"",0,.00095,,466,13:49:02 14 Sep 2020,40000
2020,President,polls-plus,9/14/2020,Trump,Biden,"",.000025,.00065,,465,13:49:02 14 Sep 2020,40000
2020,President,polls-plus,9/14/2020,Trump,Biden,"",.00005,.000875,,464,13:49:02 14 Sep 2020,40000
2020,President,polls-plus,9/14/2020,Trump,Biden,"",0,.001075,,463,13:49:02 14 Sep 2020,40000
2020,President,polls-plus,9/14/2020,Trump,Biden,"",0,.001575,,462,13:49:02 14 Sep 2020,40000
2020,President,polls-plus,9/14/2020,Trump,Biden,"",.00005,.0014,,461,13:49:02 14 Sep 2020,40000
2020,President,polls-plus,9/14/2020,Trump,Biden,"",0,.00095,,460,13:49:02 14 Sep 2020,40000
2020,President,polls-plus,9/14/2020,Trump,Biden,"",.0008,0,,46,13:49:02 14 Sep 2020,40000
2020,President,polls-plus,9/14/2020,Trump,Biden,"",.000025,.000775,,459,13:49:02 14 Sep 2020,40000
2020,President,polls-plus,9/14/2020,Trump,Biden,"",0,.001025,,458,13:49:02 14 Sep 2020,40000
2020,President,polls-plus,9/14/2020,Trump,Biden,"",.000025,.001125,,457,13:49:02 14 Sep 2020,40000
2020,President,polls-plus,9/14/2020,Trump,Biden,"",.000025,.001775,,456,13:49:02 14 Sep 2020,40000
2020,President,polls-plus,9/14/2020,Trump,Biden,"",.000025,.001525,,455,13:49:02 14 Sep 2020,40000
2020,President,polls-plus,9/14/2020,Trump,Biden,"",0,.000575,,454,13:49:02 14 Sep 2020,40000
2020,President,polls-plus,9/14/2020,Trump,Biden,"",0,.0013,,453,13:49:02 14 Sep 2020,40000
2020,President,polls-plus,9/14/2020,Trump,Biden,"",0,.0018,,452,13:49:02 14 Sep 2020,40000
2020,President,polls-plus,9/14/2020,Trump,Biden,"",0,.001275,,451,13:49:02 14 Sep 2020,40000
2020,President,polls-plus,9/14/2020,Trump,Biden,"",0,.001625,,450,13:49:02 14 Sep 2020,40000
2020,President,polls-plus,9/14/2020,Trump,Biden,"",.0006,.000025,,45,13:49:02 14 Sep 2020,40000
2020,President,polls-plus,9/14/2020,Trump,Biden,"",0,.001475,,449,13:49:02 14 Sep 2020,40000
2020,President,polls-plus,9/14/2020,Trump,Biden,"",.000025,.001125,,448,13:49:02 14 Sep 2020,40000
2020,President,polls-plus,9/14/2020,Trump,Biden,"",.000025,.001925,,447,13:49:02 14 Sep 2020,40000
2020,President,polls-plus,9/14/2020,Trump,Biden,"",.000025,.002025,,446,13:49:02 14 Sep 2020,40000
2020,President,polls-plus,9/14/2020,Trump,Biden,"",.00005,.001975,,445,13:49:02 14 Sep 2020,40000
2020,President,polls-plus,9/14/2020,Trump,Biden,"",.00005,.002275,,444,13:49:02 14 Sep 2020,40000
2020,President,polls-plus,9/14/2020,Trump,Biden,"",.000025,.000925,,443,13:49:02 14 Sep 2020,40000
2020,President,polls-plus,9/14/2020,Trump,Biden,"",0,.001925,,442,13:49:02 14 Sep 2020,40000
2020,President,polls-plus,9/14/2020,Trump,Biden,"",.00005,.003075,,441,13:49:02 14 Sep 2020,40000
2020,President,polls-plus,9/14/2020,Trump,Biden,"",.000025,.001375,,440,13:49:02 14 Sep 2020,40000
2020,President,polls-plus,9/14/2020,Trump,Biden,"",.0004,0,,44,13:49:02 14 Sep 2020,40000
2020,President,polls-plus,9/14/2020,Trump,Biden,"",.000025,.00145,,439,13:49:02 14 Sep 2020,40000
2020,President,polls-plus,9/14/2020,Trump,Biden,"",.00005,.003,,438,13:49:02 14 Sep 2020,40000
2020,President,polls-plus,9/14/2020,Trump,Biden,"",.000025,.001675,,437,13:49:02 14 Sep 2020,40000
2020,President,polls-plus,9/14/2020,Trump,Biden,"",0,.00285,,436,13:49:02 14 Sep 2020,40000
2020,President,polls-plus,9/14/2020,Trump,Biden,"",0,.005475,,435,13:49:02 14 Sep 2020,40000
2020,President,polls-plus,9/14/2020,Trump,Biden,"",.000075,.002325,,434,13:49:02 14 Sep 2020,40000
2020,President,polls-plus,9/14/2020,Trump,Biden,"",0,.0014,,433,13:49:02 14 Sep 2020,40000
2020,President,polls-plus,9/14/2020,Trump,Biden,"",.000025,.00325,,432,13:49:02 14 Sep 2020,40000
2020,President,polls-plus,9/14/2020,Trump,Biden,"",.000075,.0027,,431,13:49:02 14 Sep 2020,40000
2020,President,polls-plus,9/14/2020,Trump,Biden,"",0,.002,,430,13:49:02 14 Sep 2020,40000
2020,President,polls-plus,9/14/2020,Trump,Biden,"",.0007,0,,43,13:49:02 14 Sep 2020,40000
2020,President,polls-plus,9/14/2020,Trump,Biden,"",.000025,.00325,,429,13:49:02 14 Sep 2020,40000
2020,President,polls-plus,9/14/2020,Trump,Biden,"",0,.004275,,428,13:49:02 14 Sep 2020,40000
2020,President,polls-plus,9/14/2020,Trump,Biden,"",.00005,.003125,,427,13:49:02 14 Sep 2020,40000
2020,President,polls-plus,9/14/2020,Trump,Biden,"",0,.003675,,426,13:49:02 14 Sep 2020,40000
2020,President,polls-plus,9/14/2020,Trump,Biden,"",.000025,.006025,,425,13:49:02 14 Sep 2020,40000
2020,President,polls-plus,9/14/2020,Trump,Biden,"",0,.001575,,424,13:49:02 14 Sep 2020,40000
2020,President,polls-plus,9/14/2020,Trump,Biden,"",.00005,.002825,,423,13:49:02 14 Sep 2020,40000
2020,President,polls-plus,9/14/2020,Trump,Biden,"",0,.007475,,422,13:49:02 14 Sep 2020,40000
2020,President,polls-plus,9/14/2020,Trump,Biden,"",.000075,.003425,,421,13:49:02 14 Sep 2020,40000
2020,President,polls-plus,9/14/2020,Trump,Biden,"",.000175,.001775,,420,13:49:02 14 Sep 2020,40000
2020,President,polls-plus,9/14/2020,Trump,Biden,"",.0006,.000025,,42,13:49:02 14 Sep 2020,40000
2020,President,polls-plus,9/14/2020,Trump,Biden,"",.000025,.00745,,419,13:49:02 14 Sep 2020,40000
2020,President,polls-plus,9/14/2020,Trump,Biden,"",.00005,.002025,,418,13:49:02 14 Sep 2020,40000
2020,President,polls-plus,9/14/2020,Trump,Biden,"",.000075,.001575,,417,13:49:02 14 Sep 2020,40000
2020,President,polls-plus,9/14/2020,Trump,Biden,"",.000075,.0143,,416,13:49:02 14 Sep 2020,40000
2020,President,polls-plus,9/14/2020,Trump,Biden,"",0,.004975,,415,13:49:02 14 Sep 2020,40000
2020,President,polls-plus,9/14/2020,Trump,Biden,"",.00005,.001875,,414,13:49:02 14 Sep 2020,40000
2020,President,polls-plus,9/14/2020,Trump,Biden,"",.000025,.024925,,413,13:49:02 14 Sep 2020,40000
2020,President,polls-plus,9/14/2020,Trump,Biden,"",.000025,.011275,,412,13:49:02 14 Sep 2020,40000
2020,President,polls-plus,9/14/2020,Trump,Biden,"",.000075,.001,,411,13:49:02 14 Sep 2020,40000
2020,President,polls-plus,9/14/2020,Trump,Biden,"",.00005,.00255,,410,13:49:02 14 Sep 2020,40000
2020,President,polls-plus,9/14/2020,Trump,Biden,"",.00015,0,,41,13:49:02 14 Sep 2020,40000
2020,President,polls-plus,9/14/2020,Trump,Biden,"",.00005,.002775,,409,13:49:02 14 Sep 2020,40000
2020,President,polls-plus,9/14/2020,Trump,Biden,"",.0003,.001225,,408,13:49:02 14 Sep 2020,40000
2020,President,polls-plus,9/14/2020,Trump,Biden,"",.000025,.005375,,407,13:49:02 14 Sep 2020,40000
2020,President,polls-plus,9/14/2020,Trump,Biden,"",0,.008875,,406,13:49:02 14 Sep 2020,40000
2020,President,polls-plus,9/14/2020,Trump,Biden,"",.000075,.001275,,405,13:49:02 14 Sep 2020,40000
2020,President,polls-plus,9/14/2020,Trump,Biden,"",.000225,.001775,,404,13:49:02 14 Sep 2020,40000
2020,President,polls-plus,9/14/2020,Trump,Biden,"",.0001,.0032,,403,13:49:02 14 Sep 2020,40000
2020,President,polls-plus,9/14/2020,Trump,Biden,"",.000075,.001625,,402,13:49:02 14 Sep 2020,40000
2020,President,polls-plus,9/14/2020,Trump,Biden,"",.000175,.001225,,401,13:49:02 14 Sep 2020,40000
2020,President,polls-plus,9/14/2020,Trump,Biden,"",.000175,.006075,,400,13:49:02 14 Sep 2020,40000
2020,President,polls-plus,9/14/2020,Trump,Biden,"",.000575,0,,40,13:49:02 14 Sep 2020,40000
2020,President,polls-plus,9/14/2020,Trump,Biden,"",.000525,0,,4,13:49:02 14 Sep 2020,40000
2020,President,polls-plus,9/14/2020,Trump,Biden,"",.0001,.00155,,399,13:49:02 14 Sep 2020,40000
2020,President,polls-plus,9/14/2020,Trump,Biden,"",0,.0015,,398,13:49:02 14 Sep 2020,40000
2020,President,polls-plus,9/14/2020,Trump,Biden,"",.0001,.009875,,397,13:49:02 14 Sep 2020,40000
2020,President,polls-plus,9/14/2020,Trump,Biden,"",.000125,.003825,,396,13:49:02 14 Sep 2020,40000
2020,President,polls-plus,9/14/2020,Trump,Biden,"",.0001,.001525,,395,13:49:02 14 Sep 2020,40000
2020,President,polls-plus,9/14/2020,Trump,Biden,"",.000125,.003475,,394,13:49:02 14 Sep 2020,40000
2020,President,polls-plus,9/14/2020,Trump,Biden,"",.000075,.001475,,393,13:49:02 14 Sep 2020,40000
2020,President,polls-plus,9/14/2020,Trump,Biden,"",.00005,.00135,,392,13:49:02 14 Sep 2020,40000
2020,President,polls-plus,9/14/2020,Trump,Biden,"",.00025,.00555,,391,13:49:02 14 Sep 2020,40000
2020,President,polls-plus,9/14/2020,Trump,Biden,"",.000075,.005875,,390,13:49:02 14 Sep 2020,40000
2020,President,polls-plus,9/14/2020,Trump,Biden,"",.00035,0,,39,13:49:02 14 Sep 2020,40000
2020,President,polls-plus,9/14/2020,Trump,Biden,"",.000125,.002025,,389,13:49:02 14 Sep 2020,40000
2020,President,polls-plus,9/14/2020,Trump,Biden,"",.0005,.00485,,388,13:49:02 14 Sep 2020,40000
2020,President,polls-plus,9/14/2020,Trump,Biden,"",.000475,.00225,,387,13:49:02 14 Sep 2020,40000
2020,President,polls-plus,9/14/2020,Trump,Biden,"",.000175,.001525,,386,13:49:02 14 Sep 2020,40000
2020,President,polls-plus,9/14/2020,Trump,Biden,"",.0002,.001375,,385,13:49:02 14 Sep 2020,40000
2020,President,polls-plus,9/14/2020,Trump,Biden,"",.0005,.00195,,384,13:49:02 14 Sep 2020,40000
2020,President,polls-plus,9/14/2020,Trump,Biden,"",.0006,.00085,,383,13:49:02 14 Sep 2020,40000
2020,President,polls-plus,9/14/2020,Trump,Biden,"",.0003,.0019,,382,13:49:02 14 Sep 2020,40000
2020,President,polls-plus,9/14/2020,Trump,Biden,"",.0002,.00325,,381,13:49:02 14 Sep 2020,40000
2020,President,polls-plus,9/14/2020,Trump,Biden,"",.000125,.00135,,380,13:49:02 14 Sep 2020,40000
2020,President,polls-plus,9/14/2020,Trump,Biden,"",.00065,0,,38,13:49:02 14 Sep 2020,40000
2020,President,polls-plus,9/14/2020,Trump,Biden,"",.000325,.001875,,379,13:49:02 14 Sep 2020,40000
2020,President,polls-plus,9/14/2020,Trump,Biden,"",.000225,.00445,,378,13:49:02 14 Sep 2020,40000
2020,President,polls-plus,9/14/2020,Trump,Biden,"",.00055,.001725,,377,13:49:02 14 Sep 2020,40000
2020,President,polls-plus,9/14/2020,Trump,Biden,"",.0007,.001875,,376,13:49:02 14 Sep 2020,40000
2020,President,polls-plus,9/14/2020,Trump,Biden,"",.00055,.012,,375,13:49:02 14 Sep 2020,40000
2020,President,polls-plus,9/14/2020,Trump,Biden,"",.0005,.0047,,374,13:49:02 14 Sep 2020,40000
2020,President,polls-plus,9/14/2020,Trump,Biden,"",.000425,.0026,,373,13:49:02 14 Sep 2020,40000
2020,President,polls-plus,9/14/2020,Trump,Biden,"",.00025,.00565,,372,13:49:02 14 Sep 2020,40000
2020,President,polls-plus,9/14/2020,Trump,Biden,"",.00025,.002525,,371,13:49:02 14 Sep 2020,40000
2020,President,polls-plus,9/14/2020,Trump,Biden,"",.00045,.001275,,370,13:49:02 14 Sep 2020,40000
2020,President,polls-plus,9/14/2020,Trump,Biden,"",.000375,0,,37,13:49:02 14 Sep 2020,40000
2020,President,polls-plus,9/14/2020,Trump,Biden,"",.000575,.004975,,369,13:49:02 14 Sep 2020,40000
2020,President,polls-plus,9/14/2020,Trump,Biden,"",.0002,.00765,,368,13:49:02 14 Sep 2020,40000
2020,President,polls-plus,9/14/2020,Trump,Biden,"",.000525,.001625,,367,13:49:02 14 Sep 2020,40000
2020,President,polls-plus,9/14/2020,Trump,Biden,"",.000475,.00135,,366,13:49:02 14 Sep 2020,40000
2020,President,polls-plus,9/14/2020,Trump,Biden,"",.00035,.002975,,365,13:49:02 14 Sep 2020,40000
2020,President,polls-plus,9/14/2020,Trump,Biden,"",.000475,.001975,,364,13:49:02 14 Sep 2020,40000
2020,President,polls-plus,9/14/2020,Trump,Biden,"",.00265,.001625,,363,13:49:02 14 Sep 2020,40000
2020,President,polls-plus,9/14/2020,Trump,Biden,"",.003925,.004975,,362,13:49:02 14 Sep 2020,40000
2020,President,polls-plus,9/14/2020,Trump,Biden,"",.000575,.0018,,361,13:49:02 14 Sep 2020,40000
2020,President,polls-plus,9/14/2020,Trump,Biden,"",.00075,.001575,,360,13:49:02 14 Sep 2020,40000
2020,President,polls-plus,9/14/2020,Trump,Biden,"",.000175,0,,36,13:49:02 14 Sep 2020,40000
2020,President,polls-plus,9/14/2020,Trump,Biden,"",.0002,.012775,,359,13:49:02 14 Sep 2020,40000
2020,President,polls-plus,9/14/2020,Trump,Biden,"",.001225,.00555,,358,13:49:02 14 Sep 2020,40000
2020,President,polls-plus,9/14/2020,Trump,Biden,"",.0019,.003375,,357,13:49:02 14 Sep 2020,40000
2020,President,polls-plus,9/14/2020,Trump,Biden,"",.000825,.0041,,356,13:49:02 14 Sep 2020,40000
2020,President,polls-plus,9/14/2020,Trump,Biden,"",.002475,.001775,,355,13:49:02 14 Sep 2020,40000
2020,President,polls-plus,9/14/2020,Trump,Biden,"",.000475,.0015,,354,13:49:02 14 Sep 2020,40000
2020,President,polls-plus,9/14/2020,Trump,Biden,"",.00095,.012125,,353,13:49:02 14 Sep 2020,40000
2020,President,polls-plus,9/14/2020,Trump,Biden,"",.000725,.012025,,352,13:49:02 14 Sep 2020,40000
2020,President,polls-plus,9/14/2020,Trump,Biden,"",.000975,.003425,,351,13:49:02 14 Sep 2020,40000
2020,President,polls-plus,9/14/2020,Trump,Biden,"",.0039,.00575,,350,13:49:02 14 Sep 2020,40000
2020,President,polls-plus,9/14/2020,Trump,Biden,"",.000525,0,,35,13:49:02 14 Sep 2020,40000
2020,President,polls-plus,9/14/2020,Trump,Biden,"",.004075,.0023,,349,13:49:02 14 Sep 2020,40000
2020,President,polls-plus,9/14/2020,Trump,Biden,"",.001725,.00255,,348,13:49:02 14 Sep 2020,40000
2020,President,polls-plus,9/14/2020,Trump,Biden,"",.001,.002125,,347,13:49:02 14 Sep 2020,40000
2020,President,polls-plus,9/14/2020,Trump,Biden,"",.000925,.002375,,346,13:49:02 14 Sep 2020,40000
2020,President,polls-plus,9/14/2020,Trump,Biden,"",.0017,.00165,,345,13:49:02 14 Sep 2020,40000
2020,President,polls-plus,9/14/2020,Trump,Biden,"",.004425,.004125,,344,13:49:02 14 Sep 2020,40000
2020,President,polls-plus,9/14/2020,Trump,Biden,"",.00075,.003375,,343,13:49:02 14 Sep 2020,40000
2020,President,polls-plus,9/14/2020,Trump,Biden,"",.003925,.002525,,342,13:49:02 14 Sep 2020,40000
2020,President,polls-plus,9/14/2020,Trump,Biden,"",.0017,.0042,,341,13:49:02 14 Sep 2020,40000
2020,President,polls-plus,9/14/2020,Trump,Biden,"",.001975,.002925,,340,13:49:02 14 Sep 2020,40000
2020,President,polls-plus,9/14/2020,Trump,Biden,"",.0003,0,,34,13:49:02 14 Sep 2020,40000
2020,President,polls-plus,9/14/2020,Trump,Biden,"",.001775,.0017,,339,13:49:02 14 Sep 2020,40000
2020,President,polls-plus,9/14/2020,Trump,Biden,"",.00185,.0045,,338,13:49:02 14 Sep 2020,40000
2020,President,polls-plus,9/14/2020,Trump,Biden,"",.007275,.0081,,337,13:49:02 14 Sep 2020,40000
2020,President,polls-plus,9/14/2020,Trump,Biden,"",.00085,.002525,,336,13:49:02 14 Sep 2020,40000
2020,President,polls-plus,9/14/2020,Trump,Biden,"",.00405,.007725,,335,13:49:02 14 Sep 2020,40000
2020,President,polls-plus,9/14/2020,Trump,Biden,"",.001525,.016975,,334,13:49:02 14 Sep 2020,40000
2020,President,polls-plus,9/14/2020,Trump,Biden,"",.00145,.0069,,333,13:49:02 14 Sep 2020,40000
2020,President,polls-plus,9/14/2020,Trump,Biden,"",.0013,.00185,,332,13:49:02 14 Sep 2020,40000
2020,President,polls-plus,9/14/2020,Trump,Biden,"",.002125,.0016,,331,13:49:02 14 Sep 2020,40000
2020,President,polls-plus,9/14/2020,Trump,Biden,"",.00115,.003325,,330,13:49:02 14 Sep 2020,40000
2020,President,polls-plus,9/14/2020,Trump,Biden,"",.0002,0,,33,13:49:02 14 Sep 2020,40000
2020,President,polls-plus,9/14/2020,Trump,Biden,"",.0014,.002625,,329,13:49:02 14 Sep 2020,40000
2020,President,polls-plus,9/14/2020,Trump,Biden,"",.005975,.001775,,328,13:49:02 14 Sep 2020,40000
2020,President,polls-plus,9/14/2020,Trump,Biden,"",.0013,.002525,,327,13:49:02 14 Sep 2020,40000
2020,President,polls-plus,9/14/2020,Trump,Biden,"",.003425,.002525,,326,13:49:02 14 Sep 2020,40000
2020,President,polls-plus,9/14/2020,Trump,Biden,"",.001925,.00265,,325,13:49:02 14 Sep 2020,40000
2020,President,polls-plus,9/14/2020,Trump,Biden,"",.001325,.00385,,324,13:49:02 14 Sep 2020,40000
2020,President,polls-plus,9/14/2020,Trump,Biden,"",.001125,.00575,,323,13:49:02 14 Sep 2020,40000
2020,President,polls-plus,9/14/2020,Trump,Biden,"",.00345,.003575,,322,13:49:02 14 Sep 2020,40000
2020,President,polls-plus,9/14/2020,Trump,Biden,"",.002625,.001675,,321,13:49:02 14 Sep 2020,40000
2020,President,polls-plus,9/14/2020,Trump,Biden,"",.001825,.005475,,320,13:49:02 14 Sep 2020,40000
2020,President,polls-plus,9/14/2020,Trump,Biden,"",.000425,0,,32,13:49:02 14 Sep 2020,40000
2020,President,polls-plus,9/14/2020,Trump,Biden,"",.0025,.0196,,319,13:49:02 14 Sep 2020,40000
2020,President,polls-plus,9/14/2020,Trump,Biden,"",.002775,.009975,,318,13:49:02 14 Sep 2020,40000
2020,President,polls-plus,9/14/2020,Trump,Biden,"",.0017,.0023,,317,13:49:02 14 Sep 2020,40000
2020,President,polls-plus,9/14/2020,Trump,Biden,"",.0031,.002075,,316,13:49:02 14 Sep 2020,40000
2020,President,polls-plus,9/14/2020,Trump,Biden,"",.001725,.00435,,315,13:49:02 14 Sep 2020,40000
2020,President,polls-plus,9/14/2020,Trump,Biden,"",.001175,.005375,,314,13:49:02 14 Sep 2020,40000
2020,President,polls-plus,9/14/2020,Trump,Biden,"",.0015,.003925,,313,13:49:02 14 Sep 2020,40000
2020,President,polls-plus,9/14/2020,Trump,Biden,"",.004375,.003675,,312,13:49:02 14 Sep 2020,40000
2020,President,polls-plus,9/14/2020,Trump,Biden,"",.00265,.001575,,311,13:49:02 14 Sep 2020,40000
2020,President,polls-plus,9/14/2020,Trump,Biden,"",.00395,.001625,,310,13:49:02 14 Sep 2020,40000
2020,President,polls-plus,9/14/2020,Trump,Biden,"",.0003,0,,31,13:49:02 14 Sep 2020,40000
2020,President,polls-plus,9/14/2020,Trump,Biden,"",.002325,.004025,,309,13:49:02 14 Sep 2020,40000
2020,President,polls-plus,9/14/2020,Trump,Biden,"",.0015,.006375,,308,13:49:02 14 Sep 2020,40000
2020,President,polls-plus,9/14/2020,Trump,Biden,"",.001425,.0036,,307,13:49:02 14 Sep 2020,40000
2020,President,polls-plus,9/14/2020,Trump,Biden,"",.0037,.002625,,306,13:49:02 14 Sep 2020,40000
2020,President,polls-plus,9/14/2020,Trump,Biden,"",.0021,.0044,,305,13:49:02 14 Sep 2020,40000
2020,President,polls-plus,9/14/2020,Trump,Biden,"",.002475,.0039,,304,13:49:02 14 Sep 2020,40000
2020,President,polls-plus,9/14/2020,Trump,Biden,"",.000925,.002325,,303,13:49:02 14 Sep 2020,40000
2020,President,polls-plus,9/14/2020,Trump,Biden,"",.003175,.002975,,302,13:49:02 14 Sep 2020,40000
2020,President,polls-plus,9/14/2020,Trump,Biden,"",.002575,.00195,,301,13:49:02 14 Sep 2020,40000
2020,President,polls-plus,9/14/2020,Trump,Biden,"",.0046,.0018,,300,13:49:02 14 Sep 2020,40000
2020,President,polls-plus,9/14/2020,Trump,Biden,"",.000125,0,,30,13:49:02 14 Sep 2020,40000
2020,President,polls-plus,9/14/2020,Trump,Biden,"",.000075,.00005,,3,13:49:02 14 Sep 2020,40000
2020,President,polls-plus,9/14/2020,Trump,Biden,"",.0025,.002025,,299,13:49:02 14 Sep 2020,40000
2020,President,polls-plus,9/14/2020,Trump,Biden,"",.001025,.0039,,298,13:49:02 14 Sep 2020,40000
2020,President,polls-plus,9/14/2020,Trump,Biden,"",.001,.003525,,297,13:49:02 14 Sep 2020,40000
2020,President,polls-plus,9/14/2020,Trump,Biden,"",.004775,.001875,,296,13:49:02 14 Sep 2020,40000
2020,President,polls-plus,9/14/2020,Trump,Biden,"",.004425,.00315,,295,13:49:02 14 Sep 2020,40000
2020,President,polls-plus,9/14/2020,Trump,Biden,"",.0036,.0058,,294,13:49:02 14 Sep 2020,40000
2020,President,polls-plus,9/14/2020,Trump,Biden,"",.002525,.004025,,293,13:49:02 14 Sep 2020,40000
2020,President,polls-plus,9/14/2020,Trump,Biden,"",.00215,.003125,,292,13:49:02 14 Sep 2020,40000
2020,President,polls-plus,9/14/2020,Trump,Biden,"",.001875,.004375,,291,13:49:02 14 Sep 2020,40000
2020,President,polls-plus,9/14/2020,Trump,Biden,"",.004,.011825,,290,13:49:02 14 Sep 2020,40000
2020,President,polls-plus,9/14/2020,Trump,Biden,"",.0005,0,,29,13:49:02 14 Sep 2020,40000
2020,President,polls-plus,9/14/2020,Trump,Biden,"",.002625,.008825,,289,13:49:02 14 Sep 2020,40000
2020,President,polls-plus,9/14/2020,Trump,Biden,"",.0009,.003125,,288,13:49:02 14 Sep 2020,40000
2020,President,polls-plus,9/14/2020,Trump,Biden,"",.001025,.00225,,287,13:49:02 14 Sep 2020,40000
2020,President,polls-plus,9/14/2020,Trump,Biden,"",.004175,.002725,,286,13:49:02 14 Sep 2020,40000
2020,President,polls-plus,9/14/2020,Trump,Biden,"",.004225,.0041,,285,13:49:02 14 Sep 2020,40000
2020,President,polls-plus,9/14/2020,Trump,Biden,"",.00365,.002675,,284,13:49:02 14 Sep 2020,40000
2020,President,polls-plus,9/14/2020,Trump,Biden,"",.0032,.0028,,283,13:49:02 14 Sep 2020,40000
2020,President,polls-plus,9/14/2020,Trump,Biden,"",.0018,.00285,,282,13:49:02 14 Sep 2020,40000
2020,President,polls-plus,9/14/2020,Trump,Biden,"",.00135,.001425,,281,13:49:02 14 Sep 2020,40000
2020,President,polls-plus,9/14/2020,Trump,Biden,"",.0047,.004275,,280,13:49:02 14 Sep 2020,40000
2020,President,polls-plus,9/14/2020,Trump,Biden,"",.000275,0,,28,13:49:02 14 Sep 2020,40000
2020,President,polls-plus,9/14/2020,Trump,Biden,"",.0042,.01255,,279,13:49:02 14 Sep 2020,40000
2020,President,polls-plus,9/14/2020,Trump,Biden,"",.001825,.008225,,278,13:49:02 14 Sep 2020,40000
2020,President,polls-plus,9/14/2020,Trump,Biden,"",.001475,.00185,,277,13:49:02 14 Sep 2020,40000
2020,President,polls-plus,9/14/2020,Trump,Biden,"",.00275,.00165,,276,13:49:02 14 Sep 2020,40000
2020,President,polls-plus,9/14/2020,Trump,Biden,"",.003375,.0024,,275,13:49:02 14 Sep 2020,40000
2020,President,polls-plus,9/14/2020,Trump,Biden,"",.003275,.004575,,274,13:49:02 14 Sep 2020,40000
2020,President,polls-plus,9/14/2020,Trump,Biden,"",.003725,.006325,,273,13:49:02 14 Sep 2020,40000
2020,President,polls-plus,9/14/2020,Trump,Biden,"",.002225,.004325,,272,13:49:02 14 Sep 2020,40000
2020,President,polls-plus,9/14/2020,Trump,Biden,"",.001275,.001375,,271,13:49:02 14 Sep 2020,40000
2020,President,polls-plus,9/14/2020,Trump,Biden,"",.003475,.00275,,270,13:49:02 14 Sep 2020,40000
2020,President,polls-plus,9/14/2020,Trump,Biden,"",.000125,0,,27,13:49:02 14 Sep 2020,40000
2020,President,polls-plus,9/14/2020,Trump,Biden,"",.00465,.00465,,269,13:49:02 14 Sep 2020,40000
2020,President,polls-plus,9/14/2020,Trump,Biden,"",.00275,.003475,,268,13:49:02 14 Sep 2020,40000
2020,President,polls-plus,9/14/2020,Trump,Biden,"",.001375,.001275,,267,13:49:02 14 Sep 2020,40000
2020,President,polls-plus,9/14/2020,Trump,Biden,"",.004325,.002225,,266,13:49:02 14 Sep 2020,40000
2020,President,polls-plus,9/14/2020,Trump,Biden,"",.006325,.003725,,265,13:49:02 14 Sep 2020,40000
2020,President,polls-plus,9/14/2020,Trump,Biden,"",.004575,.003275,,264,13:49:02 14 Sep 2020,40000
2020,President,polls-plus,9/14/2020,Trump,Biden,"",.0024,.003375,,263,13:49:02 14 Sep 2020,40000
2020,President,polls-plus,9/14/2020,Trump,Biden,"",.00165,.00275,,262,13:49:02 14 Sep 2020,40000
2020,President,polls-plus,9/14/2020,Trump,Biden,"",.00185,.001475,,261,13:49:02 14 Sep 2020,40000
2020,President,polls-plus,9/14/2020,Trump,Biden,"",.008225,.001825,,260,13:49:02 14 Sep 2020,40000
2020,President,polls-plus,9/14/2020,Trump,Biden,"",.0002,0,,26,13:49:02 14 Sep 2020,40000
2020,President,polls-plus,9/14/2020,Trump,Biden,"",.01255,.0042,,259,13:49:02 14 Sep 2020,40000
2020,President,polls-plus,9/14/2020,Trump,Biden,"",.004275,.0047,,258,13:49:02 14 Sep 2020,40000
2020,President,polls-plus,9/14/2020,Trump,Biden,"",.001425,.00135,,257,13:49:02 14 Sep 2020,40000
2020,President,polls-plus,9/14/2020,Trump,Biden,"",.00285,.0018,,256,13:49:02 14 Sep 2020,40000
2020,President,polls-plus,9/14/2020,Trump,Biden,"",.0028,.0032,,255,13:49:02 14 Sep 2020,40000
2020,President,polls-plus,9/14/2020,Trump,Biden,"",.002675,.00365,,254,13:49:02 14 Sep 2020,40000
2020,President,polls-plus,9/14/2020,Trump,Biden,"",.0041,.004225,,253,13:49:02 14 Sep 2020,40000
2020,President,polls-plus,9/14/2020,Trump,Biden,"",.002725,.004175,,252,13:49:02 14 Sep 2020,40000
2020,President,polls-plus,9/14/2020,Trump,Biden,"",.00225,.001025,,251,13:49:02 14 Sep 2020,40000
2020,President,polls-plus,9/14/2020,Trump,Biden,"",.003125,.0009,,250,13:49:02 14 Sep 2020,40000
2020,President,polls-plus,9/14/2020,Trump,Biden,"",.00045,0,,25,13:49:02 14 Sep 2020,40000
2020,President,polls-plus,9/14/2020,Trump,Biden,"",.008825,.002625,,249,13:49:02 14 Sep 2020,40000
2020,President,polls-plus,9/14/2020,Trump,Biden,"",.011825,.004,,248,13:49:02 14 Sep 2020,40000
2020,President,polls-plus,9/14/2020,Trump,Biden,"",.004375,.001875,,247,13:49:02 14 Sep 2020,40000
2020,President,polls-plus,9/14/2020,Trump,Biden,"",.003125,.00215,,246,13:49:02 14 Sep 2020,40000
2020,President,polls-plus,9/14/2020,Trump,Biden,"",.004025,.002525,,245,13:49:02 14 Sep 2020,40000
2020,President,polls-plus,9/14/2020,Trump,Biden,"",.0058,.0036,,244,13:49:02 14 Sep 2020,40000
2020,President,polls-plus,9/14/2020,Trump,Biden,"",.00315,.004425,,243,13:49:02 14 Sep 2020,40000
2020,President,polls-plus,9/14/2020,Trump,Biden,"",.001875,.004775,,242,13:49:02 14 Sep 2020,40000
2020,President,polls-plus,9/14/2020,Trump,Biden,"",.003525,.001,,241,13:49:02 14 Sep 2020,40000
2020,President,polls-plus,9/14/2020,Trump,Biden,"",.0039,.001025,,240,13:49:02 14 Sep 2020,40000
2020,President,polls-plus,9/14/2020,Trump,Biden,"",.0001,.000025,,24,13:49:02 14 Sep 2020,40000
2020,President,polls-plus,9/14/2020,Trump,Biden,"",.002025,.0025,,239,13:49:02 14 Sep 2020,40000
2020,President,polls-plus,9/14/2020,Trump,Biden,"",.0018,.0046,,238,13:49:02 14 Sep 2020,40000
2020,President,polls-plus,9/14/2020,Trump,Biden,"",.00195,.002575,,237,13:49:02 14 Sep 2020,40000
2020,President,polls-plus,9/14/2020,Trump,Biden,"",.002975,.003175,,236,13:49:02 14 Sep 2020,40000
2020,President,polls-plus,9/14/2020,Trump,Biden,"",.002325,.000925,,235,13:49:02 14 Sep 2020,40000
2020,President,polls-plus,9/14/2020,Trump,Biden,"",.0039,.002475,,234,13:49:02 14 Sep 2020,40000
2020,President,polls-plus,9/14/2020,Trump,Biden,"",.0044,.0021,,233,13:49:02 14 Sep 2020,40000
2020,President,polls-plus,9/14/2020,Trump,Biden,"",.002625,.0037,,232,13:49:02 14 Sep 2020,40000
2020,President,polls-plus,9/14/2020,Trump,Biden,"",.0036,.001425,,231,13:49:02 14 Sep 2020,40000
2020,President,polls-plus,9/14/2020,Trump,Biden,"",.006375,.0015,,230,13:49:02 14 Sep 2020,40000
2020,President,polls-plus,9/14/2020,Trump,Biden,"",.000225,0,,23,13:49:02 14 Sep 2020,40000
2020,President,polls-plus,9/14/2020,Trump,Biden,"",.004025,.002325,,229,13:49:02 14 Sep 2020,40000
2020,President,polls-plus,9/14/2020,Trump,Biden,"",.001625,.00395,,228,13:49:02 14 Sep 2020,40000
2020,President,polls-plus,9/14/2020,Trump,Biden,"",.001575,.00265,,227,13:49:02 14 Sep 2020,40000
2020,President,polls-plus,9/14/2020,Trump,Biden,"",.003675,.004375,,226,13:49:02 14 Sep 2020,40000
2020,President,polls-plus,9/14/2020,Trump,Biden,"",.003925,.0015,,225,13:49:02 14 Sep 2020,40000
2020,President,polls-plus,9/14/2020,Trump,Biden,"",.005375,.001175,,224,13:49:02 14 Sep 2020,40000
2020,President,polls-plus,9/14/2020,Trump,Biden,"",.00435,.001725,,223,13:49:02 14 Sep 2020,40000
2020,President,polls-plus,9/14/2020,Trump,Biden,"",.002075,.0031,,222,13:49:02 14 Sep 2020,40000
2020,President,polls-plus,9/14/2020,Trump,Biden,"",.0023,.0017,,221,13:49:02 14 Sep 2020,40000
2020,President,polls-plus,9/14/2020,Trump,Biden,"",.009975,.002775,,220,13:49:02 14 Sep 2020,40000
2020,President,polls-plus,9/14/2020,Trump,Biden,"",.0001,0,,22,13:49:02 14 Sep 2020,40000
2020,President,polls-plus,9/14/2020,Trump,Biden,"",.0196,.0025,,219,13:49:02 14 Sep 2020,40000
2020,President,polls-plus,9/14/2020,Trump,Biden,"",.005475,.001825,,218,13:49:02 14 Sep 2020,40000
2020,President,polls-plus,9/14/2020,Trump,Biden,"",.001675,.002625,,217,13:49:02 14 Sep 2020,40000
2020,President,polls-plus,9/14/2020,Trump,Biden,"",.003575,.00345,,216,13:49:02 14 Sep 2020,40000
2020,President,polls-plus,9/14/2020,Trump,Biden,"",.00575,.001125,,215,13:49:02 14 Sep 2020,40000
2020,President,polls-plus,9/14/2020,Trump,Biden,"",.00385,.001325,,214,13:49:02 14 Sep 2020,40000
2020,President,polls-plus,9/14/2020,Trump,Biden,"",.00265,.001925,,213,13:49:02 14 Sep 2020,40000
2020,President,polls-plus,9/14/2020,Trump,Biden,"",.002525,.003425,,212,13:49:02 14 Sep 2020,40000
2020,President,polls-plus,9/14/2020,Trump,Biden,"",.002525,.0013,,211,13:49:02 14 Sep 2020,40000
2020,President,polls-plus,9/14/2020,Trump,Biden,"",.001775,.005975,,210,13:49:02 14 Sep 2020,40000
2020,President,polls-plus,9/14/2020,Trump,Biden,"",.000075,0,,21,13:49:02 14 Sep 2020,40000
2020,President,polls-plus,9/14/2020,Trump,Biden,"",.002625,.0014,,209,13:49:02 14 Sep 2020,40000
2020,President,polls-plus,9/14/2020,Trump,Biden,"",.003325,.00115,,208,13:49:02 14 Sep 2020,40000
2020,President,polls-plus,9/14/2020,Trump,Biden,"",.0016,.002125,,207,13:49:02 14 Sep 2020,40000
2020,President,polls-plus,9/14/2020,Trump,Biden,"",.00185,.0013,,206,13:49:02 14 Sep 2020,40000
2020,President,polls-plus,9/14/2020,Trump,Biden,"",.0069,.00145,,205,13:49:02 14 Sep 2020,40000
2020,President,polls-plus,9/14/2020,Trump,Biden,"",.016975,.001525,,204,13:49:02 14 Sep 2020,40000
2020,President,polls-plus,9/14/2020,Trump,Biden,"",.007725,.00405,,203,13:49:02 14 Sep 2020,40000
2020,President,polls-plus,9/14/2020,Trump,Biden,"",.002525,.00085,,202,13:49:02 14 Sep 2020,40000
2020,President,polls-plus,9/14/2020,Trump,Biden,"",.0081,.007275,,201,13:49:02 14 Sep 2020,40000
2020,President,polls-plus,9/14/2020,Trump,Biden,"",.0045,.00185,,200,13:49:02 14 Sep 2020,40000
2020,President,polls-plus,9/14/2020,Trump,Biden,"",.00015,0,,20,13:49:02 14 Sep 2020,40000
2020,President,polls-plus,9/14/2020,Trump,Biden,"",0,0,,2,13:49:02 14 Sep 2020,40000
2020,President,polls-plus,9/14/2020,Trump,Biden,"",.0017,.001775,,199,13:49:02 14 Sep 2020,40000
2020,President,polls-plus,9/14/2020,Trump,Biden,"",.002925,.001975,,198,13:49:02 14 Sep 2020,40000
2020,President,polls-plus,9/14/2020,Trump,Biden,"",.0042,.0017,,197,13:49:02 14 Sep 2020,40000
2020,President,polls-plus,9/14/2020,Trump,Biden,"",.002525,.003925,,196,13:49:02 14 Sep 2020,40000
2020,President,polls-plus,9/14/2020,Trump,Biden,"",.003375,.00075,,195,13:49:02 14 Sep 2020,40000
2020,President,polls-plus,9/14/2020,Trump,Biden,"",.004125,.004425,,194,13:49:02 14 Sep 2020,40000
2020,President,polls-plus,9/14/2020,Trump,Biden,"",.00165,.0017,,193,13:49:02 14 Sep 2020,40000
2020,President,polls-plus,9/14/2020,Trump,Biden,"",.002375,.000925,,192,13:49:02 14 Sep 2020,40000
2020,President,polls-plus,9/14/2020,Trump,Biden,"",.002125,.001,,191,13:49:02 14 Sep 2020,40000
2020,President,polls-plus,9/14/2020,Trump,Biden,"",.00255,.001725,,190,13:49:02 14 Sep 2020,40000
2020,President,polls-plus,9/14/2020,Trump,Biden,"",.000175,0,,19,13:49:02 14 Sep 2020,40000
2020,President,polls-plus,9/14/2020,Trump,Biden,"",.0023,.004075,,189,13:49:02 14 Sep 2020,40000
2020,President,polls-plus,9/14/2020,Trump,Biden,"",.00575,.0039,,188,13:49:02 14 Sep 2020,40000
2020,President,polls-plus,9/14/2020,Trump,Biden,"",.003425,.000975,,187,13:49:02 14 Sep 2020,40000
2020,President,polls-plus,9/14/2020,Trump,Biden,"",.012025,.000725,,186,13:49:02 14 Sep 2020,40000
2020,President,polls-plus,9/14/2020,Trump,Biden,"",.012125,.00095,,185,13:49:02 14 Sep 2020,40000
2020,President,polls-plus,9/14/2020,Trump,Biden,"",.0015,.000475,,184,13:49:02 14 Sep 2020,40000
2020,President,polls-plus,9/14/2020,Trump,Biden,"",.001775,.002475,,183,13:49:02 14 Sep 2020,40000
2020,President,polls-plus,9/14/2020,Trump,Biden,"",.0041,.000825,,182,13:49:02 14 Sep 2020,40000
2020,President,polls-plus,9/14/2020,Trump,Biden,"",.003375,.0019,,181,13:49:02 14 Sep 2020,40000
2020,President,polls-plus,9/14/2020,Trump,Biden,"",.00555,.001225,,180,13:49:02 14 Sep 2020,40000
2020,President,polls-plus,9/14/2020,Trump,Biden,"",.000025,0,,18,13:49:02 14 Sep 2020,40000
2020,President,polls-plus,9/14/2020,Trump,Biden,"",.012775,.0002,,179,13:49:02 14 Sep 2020,40000
2020,President,polls-plus,9/14/2020,Trump,Biden,"",.001575,.00075,,178,13:49:02 14 Sep 2020,40000
2020,President,polls-plus,9/14/2020,Trump,Biden,"",.0018,.000575,,177,13:49:02 14 Sep 2020,40000
2020,President,polls-plus,9/14/2020,Trump,Biden,"",.004975,.003925,,176,13:49:02 14 Sep 2020,40000
2020,President,polls-plus,9/14/2020,Trump,Biden,"",.001625,.00265,,175,13:49:02 14 Sep 2020,40000
2020,President,polls-plus,9/14/2020,Trump,Biden,"",.001975,.000475,,174,13:49:02 14 Sep 2020,40000
2020,President,polls-plus,9/14/2020,Trump,Biden,"",.002975,.00035,,173,13:49:02 14 Sep 2020,40000
2020,President,polls-plus,9/14/2020,Trump,Biden,"",.00135,.000475,,172,13:49:02 14 Sep 2020,40000
2020,President,polls-plus,9/14/2020,Trump,Biden,"",.001625,.000525,,171,13:49:02 14 Sep 2020,40000
2020,President,polls-plus,9/14/2020,Trump,Biden,"",.00765,.0002,,170,13:49:02 14 Sep 2020,40000
2020,President,polls-plus,9/14/2020,Trump,Biden,"",.000125,.000025,,17,13:49:02 14 Sep 2020,40000
2020,President,polls-plus,9/14/2020,Trump,Biden,"",.004975,.000575,,169,13:49:02 14 Sep 2020,40000
2020,President,polls-plus,9/14/2020,Trump,Biden,"",.001275,.00045,,168,13:49:02 14 Sep 2020,40000
2020,President,polls-plus,9/14/2020,Trump,Biden,"",.002525,.00025,,167,13:49:02 14 Sep 2020,40000
2020,President,polls-plus,9/14/2020,Trump,Biden,"",.00565,.00025,,166,13:49:02 14 Sep 2020,40000
2020,President,polls-plus,9/14/2020,Trump,Biden,"",.0026,.000425,,165,13:49:02 14 Sep 2020,40000
2020,President,polls-plus,9/14/2020,Trump,Biden,"",.0047,.0005,,164,13:49:02 14 Sep 2020,40000
2020,President,polls-plus,9/14/2020,Trump,Biden,"",.012,.00055,,163,13:49:02 14 Sep 2020,40000
2020,President,polls-plus,9/14/2020,Trump,Biden,"",.001875,.0007,,162,13:49:02 14 Sep 2020,40000
2020,President,polls-plus,9/14/2020,Trump,Biden,"",.001725,.00055,,161,13:49:02 14 Sep 2020,40000
2020,President,polls-plus,9/14/2020,Trump,Biden,"",.00445,.000225,,160,13:49:02 14 Sep 2020,40000
2020,President,polls-plus,9/14/2020,Trump,Biden,"",.000325,0,,16,13:49:02 14 Sep 2020,40000
2020,President,polls-plus,9/14/2020,Trump,Biden,"",.001875,.000325,,159,13:49:02 14 Sep 2020,40000
2020,President,polls-plus,9/14/2020,Trump,Biden,"",.00135,.000125,,158,13:49:02 14 Sep 2020,40000
2020,President,polls-plus,9/14/2020,Trump,Biden,"",.00325,.0002,,157,13:49:02 14 Sep 2020,40000
2020,President,polls-plus,9/14/2020,Trump,Biden,"",.0019,.0003,,156,13:49:02 14 Sep 2020,40000
2020,President,polls-plus,9/14/2020,Trump,Biden,"",.00085,.0006,,155,13:49:02 14 Sep 2020,40000
2020,President,polls-plus,9/14/2020,Trump,Biden,"",.00195,.0005,,154,13:49:02 14 Sep 2020,40000
2020,President,polls-plus,9/14/2020,Trump,Biden,"",.001375,.0002,,153,13:49:02 14 Sep 2020,40000
2020,President,polls-plus,9/14/2020,Trump,Biden,"",.001525,.000175,,152,13:49:02 14 Sep 2020,40000
2020,President,polls-plus,9/14/2020,Trump,Biden,"",.00225,.000475,,151,13:49:02 14 Sep 2020,40000
2020,President,polls-plus,9/14/2020,Trump,Biden,"",.00485,.0005,,150,13:49:02 14 Sep 2020,40000
2020,President,polls-plus,9/14/2020,Trump,Biden,"",.000125,0,,15,13:49:02 14 Sep 2020,40000
2020,President,polls-plus,9/14/2020,Trump,Biden,"",.002025,.000125,,149,13:49:02 14 Sep 2020,40000
2020,President,polls-plus,9/14/2020,Trump,Biden,"",.005875,.000075,,148,13:49:02 14 Sep 2020,40000
2020,President,polls-plus,9/14/2020,Trump,Biden,"",.00555,.00025,,147,13:49:02 14 Sep 2020,40000
2020,President,polls-plus,9/14/2020,Trump,Biden,"",.00135,.00005,,146,13:49:02 14 Sep 2020,40000
2020,President,polls-plus,9/14/2020,Trump,Biden,"",.001475,.000075,,145,13:49:02 14 Sep 2020,40000
2020,President,polls-plus,9/14/2020,Trump,Biden,"",.003475,.000125,,144,13:49:02 14 Sep 2020,40000
2020,President,polls-plus,9/14/2020,Trump,Biden,"",.001525,.0001,,143,13:49:02 14 Sep 2020,40000
2020,President,polls-plus,9/14/2020,Trump,Biden,"",.003825,.000125,,142,13:49:02 14 Sep 2020,40000
2020,President,polls-plus,9/14/2020,Trump,Biden,"",.009875,.0001,,141,13:49:02 14 Sep 2020,40000
2020,President,polls-plus,9/14/2020,Trump,Biden,"",.0015,0,,140,13:49:02 14 Sep 2020,40000
2020,President,polls-plus,9/14/2020,Trump,Biden,"",.000225,0,,14,13:49:02 14 Sep 2020,40000
2020,President,polls-plus,9/14/2020,Trump,Biden,"",.00155,.0001,,139,13:49:02 14 Sep 2020,40000
2020,President,polls-plus,9/14/2020,Trump,Biden,"",.006075,.000175,,138,13:49:02 14 Sep 2020,40000
2020,President,polls-plus,9/14/2020,Trump,Biden,"",.001225,.000175,,137,13:49:02 14 Sep 2020,40000
2020,President,polls-plus,9/14/2020,Trump,Biden,"",.001625,.000075,,136,13:49:02 14 Sep 2020,40000
2020,President,polls-plus,9/14/2020,Trump,Biden,"",.0032,.0001,,135,13:49:02 14 Sep 2020,40000
2020,President,polls-plus,9/14/2020,Trump,Biden,"",.001775,.000225,,134,13:49:02 14 Sep 2020,40000
2020,President,polls-plus,9/14/2020,Trump,Biden,"",.001275,.000075,,133,13:49:02 14 Sep 2020,40000
2020,President,polls-plus,9/14/2020,Trump,Biden,"",.008875,0,,132,13:49:02 14 Sep 2020,40000
2020,President,polls-plus,9/14/2020,Trump,Biden,"",.005375,.000025,,131,13:49:02 14 Sep 2020,40000
2020,President,polls-plus,9/14/2020,Trump,Biden,"",.001225,.0003,,130,13:49:02 14 Sep 2020,40000
2020,President,polls-plus,9/14/2020,Trump,Biden,"",.00025,.000025,,13,13:49:02 14 Sep 2020,40000
2020,President,polls-plus,9/14/2020,Trump,Biden,"",.002775,.00005,,129,13:49:02 14 Sep 2020,40000
2020,President,polls-plus,9/14/2020,Trump,Biden,"",.00255,.00005,,128,13:49:02 14 Sep 2020,40000
2020,President,polls-plus,9/14/2020,Trump,Biden,"",.001,.000075,,127,13:49:02 14 Sep 2020,40000
2020,President,polls-plus,9/14/2020,Trump,Biden,"",.011275,.000025,,126,13:49:02 14 Sep 2020,40000
2020,President,polls-plus,9/14/2020,Trump,Biden,"",.024925,.000025,,125,13:49:02 14 Sep 2020,40000
2020,President,polls-plus,9/14/2020,Trump,Biden,"",.001875,.00005,,124,13:49:02 14 Sep 2020,40000
2020,President,polls-plus,9/14/2020,Trump,Biden,"",.004975,0,,123,13:49:02 14 Sep 2020,40000
2020,President,polls-plus,9/14/2020,Trump,Biden,"",.0143,.000075,,122,13:49:02 14 Sep 2020,40000
2020,President,polls-plus,9/14/2020,Trump,Biden,"",.001575,.000075,,121,13:49:02 14 Sep 2020,40000
2020,President,polls-plus,9/14/2020,Trump,Biden,"",.002025,.00005,,120,13:49:02 14 Sep 2020,40000
2020,President,polls-plus,9/14/2020,Trump,Biden,"",.000075,0,,12,13:49:02 14 Sep 2020,40000
2020,President,polls-plus,9/14/2020,Trump,Biden,"",.00745,.000025,,119,13:49:02 14 Sep 2020,40000
2020,President,polls-plus,9/14/2020,Trump,Biden,"",.001775,.000175,,118,13:49:02 14 Sep 2020,40000
2020,President,polls-plus,9/14/2020,Trump,Biden,"",.003425,.000075,,117,13:49:02 14 Sep 2020,40000
2020,President,polls-plus,9/14/2020,Trump,Biden,"",.007475,0,,116,13:49:02 14 Sep 2020,40000
2020,President,polls-plus,9/14/2020,Trump,Biden,"",.002825,.00005,,115,13:49:02 14 Sep 2020,40000
2020,President,polls-plus,9/14/2020,Trump,Biden,"",.001575,0,,114,13:49:02 14 Sep 2020,40000
2020,President,polls-plus,9/14/2020,Trump,Biden,"",.006025,.000025,,113,13:49:02 14 Sep 2020,40000
2020,President,polls-plus,9/14/2020,Trump,Biden,"",.003675,0,,112,13:49:02 14 Sep 2020,40000
2020,President,polls-plus,9/14/2020,Trump,Biden,"",.003125,.00005,,111,13:49:02 14 Sep 2020,40000
2020,President,polls-plus,9/14/2020,Trump,Biden,"",.004275,0,,110,13:49:02 14 Sep 2020,40000
2020,President,polls-plus,9/14/2020,Trump,Biden,"",.000125,0,,11,13:49:02 14 Sep 2020,40000
2020,President,polls-plus,9/14/2020,Trump,Biden,"",.00325,.000025,,109,13:49:02 14 Sep 2020,40000
2020,President,polls-plus,9/14/2020,Trump,Biden,"",.002,0,,108,13:49:02 14 Sep 2020,40000
2020,President,polls-plus,9/14/2020,Trump,Biden,"",.0027,.000075,,107,13:49:02 14 Sep 2020,40000
2020,President,polls-plus,9/14/2020,Trump,Biden,"",.00325,.000025,,106,13:49:02 14 Sep 2020,40000
2020,President,polls-plus,9/14/2020,Trump,Biden,"",.0014,0,,105,13:49:02 14 Sep 2020,40000
2020,President,polls-plus,9/14/2020,Trump,Biden,"",.002325,.000075,,104,13:49:02 14 Sep 2020,40000
2020,President,polls-plus,9/14/2020,Trump,Biden,"",.005475,0,,103,13:49:02 14 Sep 2020,40000
2020,President,polls-plus,9/14/2020,Trump,Biden,"",.00285,0,,102,13:49:02 14 Sep 2020,40000
2020,President,polls-plus,9/14/2020,Trump,Biden,"",.001675,.000025,,101,13:49:02 14 Sep 2020,40000
2020,President,polls-plus,9/14/2020,Trump,Biden,"",.003,.00005,,100,13:49:02 14 Sep 2020,40000
2020,President,polls-plus,9/14/2020,Trump,Biden,"",0,.000025,,10,13:49:02 14 Sep 2020,40000
2020,President,polls-plus,9/14/2020,Trump,Biden,"",.000175,0,,1,13:49:02 14 Sep 2020,40000
2020,President,polls-plus,9/14/2020,Trump,Biden,"",.000025,0,,0,13:49:02 14 Sep 2020,40000
